year,latitude,longitude,location.code,Individual Beetle Code,horn.l,pronot.l,location,farm.code,type
2014,45.879433,-119.873017,1,1-Jan,0.23,0.869,wa,1,conv
2014,47.19845,-122.34255,2,1-Feb,0.09,0.803,wa,4,conv
2014,47.19845,-122.34255,2,2-Feb,0.129,0.806,wa,4,conv
2014,47.19845,-122.34255,2,3-Feb,0.209,0.809,wa,4,conv
2014,47.19845,-122.34255,2,4-Feb,0.176,0.819,wa,4,conv
2014,47.19845,-122.34255,2,5-Feb,0.222,0.824,wa,4,conv
2014,47.19845,-122.34255,2,6-Feb,0.06,0.754,wa,4,conv
2014,47.19845,-122.34255,2,7-Feb,0.12,0.773,wa,4,conv
2014,47.19845,-122.34255,2,8-Feb,0.158,0.788,wa,4,conv
2014,47.19845,-122.34255,2,9-Feb,0.097,0.771,wa,4,conv
2014,47.19845,-122.34255,2,10-Feb,0.229,0.869,wa,4,conv
2014,47.19845,-122.34255,2,11-Feb,0.191,0.843,wa,4,conv
2014,47.19845,-122.34255,2,12-Feb,0.158,0.806,wa,4,conv
2014,47.19845,-122.34255,2,13-Feb,0.186,0.836,wa,4,conv
2014,47.19845,-122.34255,2,14-Feb,0.245,0.846,wa,4,conv
2014,47.19845,-122.34255,2,15-Feb,0.16,0.842,wa,4,conv
2014,47.19845,-122.34255,2,16-Feb,0.226,0.879,wa,4,conv
2014,47.19845,-122.34255,2,17-Feb,0.153,0.815,wa,4,conv
2014,47.19845,-122.34255,2,18-Feb,0.043,0.749,wa,4,conv
2014,47.19845,-122.34255,2,19-Feb,0.074,0.736,wa,4,conv
2014,47.19845,-122.34255,2,20-Feb,0.202,0.825,wa,4,conv
2014,47.19845,-122.34255,2,21-Feb,0.039,0.739,wa,4,conv
2014,47.19845,-122.34255,2,22-Feb,0.262,0.872,wa,4,conv
2014,47.19845,-122.34255,2,23-Feb,0.269,0.938,wa,4,conv
2014,47.19845,-122.34255,2,24-Feb,0.258,0.938,wa,4,conv
2014,47.19845,-122.34255,2,25-Feb,0.176,0.876,wa,4,conv
2014,47.19845,-122.34255,2,26-Feb,0.069,0.79,wa,4,conv
2014,47.19845,-122.34255,2,27-Feb,0.205,0.819,wa,4,conv
2014,47.19845,-122.34255,2,28-Feb,0.09,0.819,wa,4,conv
2014,47.19845,-122.34255,2,29-Feb,0.251,0.872,wa,4,conv
2014,47.19845,-122.34255,2,Feb-30,0.255,0.912,wa,4,conv
2014,47.19845,-122.34255,2,Feb-31,0.235,0.892,wa,4,conv
2014,47.19845,-122.34255,2,Feb-32,0.233,0.898,wa,4,conv
2014,47.19845,-122.34255,2,Feb-33,0.229,0.905,wa,4,conv
2014,47.19845,-122.34255,2,Feb-34,0.077,0.786,wa,4,conv
2014,47.19845,-122.34255,2,Feb-35,0.04,0.716,wa,4,conv
2014,47.19845,-122.34255,2,Feb-36,0.123,0.813,wa,4,conv
2014,47.19845,-122.34255,2,Feb-37,0.073,0.776,wa,4,conv
2014,47.19845,-122.34255,2,Feb-38,0.105,0.77,wa,4,conv
2014,47.19845,-122.34255,2,Feb-39,0.199,0.842,wa,4,conv
2014,47.19845,-122.34255,2,Feb-40,0.24,0.932,wa,4,conv
2014,47.19845,-122.34255,2,Feb-41,0.25,0.93,wa,4,conv
2014,47.19845,-122.34255,2,Feb-42,0.229,0.918,wa,4,conv
2014,47.19845,-122.34255,2,Feb-43,0.159,0.832,wa,4,conv
2014,47.19845,-122.34255,2,Feb-44,0.221,0.925,wa,4,conv
2014,47.19845,-122.34255,2,Feb-45,0.121,0.786,wa,4,conv
2014,47.19845,-122.34255,2,Feb-46,0.196,0.836,wa,4,conv
2014,47.19845,-122.34255,2,Feb-47,0.193,0.852,wa,4,conv
2014,47.19845,-122.34255,2,Feb-48,0.136,0.819,wa,4,conv
2014,47.19845,-122.34255,2,Feb-49,0.223,0.889,wa,4,conv
2014,47.19845,-122.34255,2,Feb-50,0.247,0.895,wa,4,conv
2014,47.226133,-122.369617,3,1-Mar,0.225,0.879,wa,4,org
2014,47.226133,-122.369617,3,2-Mar,0.196,0.846,wa,4,org
2014,47.226133,-122.369617,3,3-Mar,0.07,0.77,wa,4,org
2014,47.226133,-122.369617,3,4-Mar,0.258,0.905,wa,4,org
2014,47.226133,-122.369617,3,5-Mar,0.209,0.869,wa,4,org
2014,47.226133,-122.369617,3,6-Mar,0.11,0.799,wa,4,org
2014,47.226133,-122.369617,3,7-Mar,0.224,0.879,wa,4,org
2014,47.226133,-122.369617,3,8-Mar,0.226,0.843,wa,4,org
2014,47.226133,-122.369617,3,9-Mar,0.06,0.772,wa,4,org
2014,47.226133,-122.369617,3,10-Mar,0.015,0.679,wa,4,org
2014,47.226133,-122.369617,3,11-Mar,0.213,0.892,wa,4,org
2014,47.226133,-122.369617,3,12-Mar,0.222,0.876,wa,4,org
2014,47.226133,-122.369617,3,13-Mar,0.223,0.906,wa,4,org
2014,47.226133,-122.369617,3,14-Mar,0.046,0.737,wa,4,org
2014,47.226133,-122.369617,3,15-Mar,0.199,0.83,wa,4,org
2014,47.226133,-122.369617,3,16-Mar,0.219,0.869,wa,4,org
2014,47.226133,-122.369617,3,17-Mar,0.119,0.793,wa,4,org
2014,47.226133,-122.369617,3,18-Mar,0.2,0.838,wa,4,org
2014,47.226133,-122.369617,3,19-Mar,0.046,0.759,wa,4,org
2014,47.226133,-122.369617,3,20-Mar,0.075,0.749,wa,4,org
2014,47.226133,-122.369617,3,21-Mar,0.224,0.919,wa,4,org
2014,47.226133,-122.369617,3,22-Mar,0.05,0.714,wa,4,org
2014,47.226133,-122.369617,3,23-Mar,0.083,0.77,wa,4,org
2014,47.226133,-122.369617,3,24-Mar,0.228,0.846,wa,4,org
2014,47.226133,-122.369617,3,25-Mar,0.262,0.885,wa,4,org
2014,47.226133,-122.369617,3,26-Mar,0.15,0.779,wa,4,org
2014,47.226133,-122.369617,3,27-Mar,0.111,0.817,wa,4,org
2014,47.226133,-122.369617,3,28-Mar,0.282,1.001,wa,4,org
2014,48.486917,-122.29285,4,1-Apr,0.208,0.855,wa,5,org
2014,48.486917,-122.29285,4,2-Apr,0.13,0.806,wa,5,org
2014,48.486917,-122.29285,4,3-Apr,0.235,0.928,wa,5,org
2014,48.486917,-122.29285,4,4-Apr,0.216,0.892,wa,5,org
2014,48.486917,-122.29285,4,5-Apr,0.126,0.802,wa,5,org
2014,48.486917,-122.29285,4,6-Apr,0.212,0.859,wa,5,org
2014,48.486917,-122.29285,4,7-Apr,0.15,0.845,wa,5,org
2014,48.486917,-122.29285,4,8-Apr,0.251,0.879,wa,5,org
2014,48.486917,-122.29285,4,9-Apr,0.083,0.79,wa,5,org
2014,48.486917,-122.29285,4,10-Apr,0.239,0.859,wa,5,org
2014,48.486917,-122.29285,4,11-Apr,0.096,0.756,wa,5,org
2014,48.486917,-122.29285,4,12-Apr,0.244,0.941,wa,5,org
2014,48.486917,-122.29285,4,13-Apr,0.219,0.902,wa,5,org
2014,48.486917,-122.29285,4,14-Apr,0.166,0.849,wa,5,org
2014,48.486917,-122.29285,4,15-Apr,0.152,0.792,wa,5,org
2014,48.486917,-122.29285,4,16-Apr,0.15,0.82,wa,5,org
2014,48.486917,-122.29285,4,17-Apr,0.126,0.799,wa,5,org
2014,48.486917,-122.29285,4,18-Apr,0.09,0.812,wa,5,org
2014,48.486917,-122.29285,4,19-Apr,0.182,0.816,wa,5,org
2014,48.486917,-122.29285,4,20-Apr,0.187,0.839,wa,5,org
2014,48.486917,-122.29285,4,21-Apr,0.227,0.885,wa,5,org
2014,48.486917,-122.29285,4,22-Apr,0.119,0.791,wa,5,org
2014,48.486917,-122.29285,4,23-Apr,0.108,0.802,wa,5,org
2014,48.486917,-122.29285,4,24-Apr,0.159,0.829,wa,5,org
2014,48.486917,-122.29285,4,25-Apr,0.141,0.779,wa,5,org
2014,48.486917,-122.29285,4,26-Apr,0.134,0.762,wa,5,org
2014,48.486917,-122.29285,4,27-Apr,0.085,0.753,wa,5,org
2014,48.486917,-122.29285,4,28-Apr,0.082,0.782,wa,5,org
2014,48.486917,-122.29285,4,29-Apr,0.255,0.892,wa,5,org
2014,48.486917,-122.29285,4,30-Apr,0.179,0.816,wa,5,org
2014,48.486917,-122.29285,4,Apr-31,0.122,0.802,wa,5,org
2014,48.486917,-122.29285,4,Apr-32,0.243,0.879,wa,5,org
2014,48.486917,-122.29285,4,Apr-33,0.087,0.766,wa,5,org
2014,48.486917,-122.29285,4,Apr-34,0.154,0.859,wa,5,org
2014,48.486917,-122.29285,4,Apr-35,0.162,0.854,wa,5,org
2014,48.486917,-122.29285,4,Apr-36,0.146,0.815,wa,5,org
2014,48.486917,-122.29285,4,Apr-37,0.209,0.852,wa,5,org
2014,48.486917,-122.29285,4,Apr-38,0.192,0.859,wa,5,org
2014,48.486917,-122.29285,4,Apr-39,0.149,0.822,wa,5,org
2014,48.486917,-122.29285,4,Apr-40,0.275,0.898,wa,5,org
2014,48.486917,-122.29285,4,Apr-41,0.196,0.826,wa,5,org
2014,48.486917,-122.29285,4,Apr-42,0.255,0.862,wa,5,org
2014,48.486917,-122.29285,4,Apr-43,0.101,0.776,wa,5,org
2014,48.486917,-122.29285,4,Apr-44,0.076,0.769,wa,5,org
2014,48.486917,-122.29285,4,Apr-45,0.158,0.802,wa,5,org
2014,48.486917,-122.29285,4,Apr-46,0.229,0.855,wa,5,org
2014,48.486917,-122.29285,4,Apr-47,0.242,0.928,wa,5,org
2014,48.486917,-122.29285,4,Apr-48,0.135,0.779,wa,5,org
2014,48.486917,-122.29285,4,Apr-49,0.08,0.773,wa,5,org
2014,48.486917,-122.29285,4,Apr-50,0.215,0.846,wa,5,org
2014,46.582967,-123.113183,5,1-May,0.217,0.883,wa,3,org
2014,46.582967,-123.113183,5,2-May,0.174,0.82,wa,3,org
2014,46.582967,-123.113183,5,3-May,0.105,0.79,wa,3,org
2014,46.582967,-123.113183,5,4-May,0.197,0.835,wa,3,org
2014,46.582967,-123.113183,5,5-May,0.187,0.832,wa,3,org
2014,46.582967,-123.113183,5,6-May,0.1,0.79,wa,3,org
2014,46.582967,-123.113183,5,7-May,0.257,0.915,wa,3,org
2014,46.582967,-123.113183,5,8-May,0.054,0.746,wa,3,org
2014,46.582967,-123.113183,5,9-May,0.107,0.836,wa,3,org
2014,46.582967,-123.113183,5,10-May,0.079,0.753,wa,3,org
2014,46.582967,-123.113183,5,11-May,0.2,0.885,wa,3,org
2014,46.582967,-123.113183,5,12-May,0.033,0.739,wa,3,org
2014,46.582967,-123.113183,5,13-May,0.054,0.769,wa,3,org
2014,46.380633,-120.184333,6,1-Jun,0.052,0.726,wa,1,org
2014,47.062567,-122.186833,7,1-Jul,0.239,0.905,wa,4,int
2014,47.062567,-122.186833,7,2-Jul,0.259,0.948,wa,4,int
2014,47.062567,-122.186833,7,3-Jul,0.09,0.789,wa,4,int
2014,47.062567,-122.186833,7,4-Jul,0.231,0.91,wa,4,int
2014,47.062567,-122.186833,7,5-Jul,0.141,0.783,wa,4,int
2014,47.062567,-122.186833,7,6-Jul,0.259,0.959,wa,4,int
2014,47.062567,-122.186833,7,7-Jul,0.254,0.902,wa,4,int
2014,47.062567,-122.186833,7,8-Jul,0.2,0.843,wa,4,int
2014,47.062567,-122.186833,7,9-Jul,0.305,0.952,wa,4,int
2014,47.062567,-122.186833,7,10-Jul,0.225,0.86,wa,4,int
2014,47.062567,-122.186833,7,11-Jul,0.251,0.912,wa,4,int
2014,47.062567,-122.186833,7,12-Jul,0.159,0.799,wa,4,int
2014,47.062567,-122.186833,7,13-Jul,0.143,0.817,wa,4,int
2014,47.062567,-122.186833,7,14-Jul,0.229,0.874,wa,4,int
2014,47.062567,-122.186833,7,15-Jul,0.063,0.737,wa,4,int
2014,47.062567,-122.186833,7,16-Jul,0.043,0.719,wa,4,int
2014,47.062567,-122.186833,7,17-Jul,0.193,0.854,wa,4,int
2014,47.062567,-122.186833,7,18-Jul,0.245,0.908,wa,4,int
2014,47.062567,-122.186833,7,19-Jul,0.219,0.86,wa,4,int
2014,47.062567,-122.186833,7,20-Jul,0.073,0.78,wa,4,int
2014,47.062567,-122.186833,7,21-Jul,0.242,0.908,wa,4,int
2014,47.062567,-122.186833,7,22-Jul,0.107,0.81,wa,4,int
2014,47.062567,-122.186833,7,23-Jul,0.044,0.733,wa,4,int
2014,47.062567,-122.186833,7,24-Jul,0.158,0.845,wa,4,int
2014,47.062567,-122.186833,7,25-Jul,0.08,0.789,wa,4,int
2014,47.062567,-122.186833,7,26-Jul,0.18,0.839,wa,4,int
2014,47.062567,-122.186833,7,27-Jul,0.17,0.809,wa,4,int
2014,47.062567,-122.186833,7,28-Jul,0.136,0.82,wa,4,int
2014,47.062567,-122.186833,7,29-Jul,0.219,0.908,wa,4,int
2014,47.062567,-122.186833,7,30-Jul,0.155,0.819,wa,4,int
2014,47.062567,-122.186833,7,31-Jul,0.252,0.871,wa,4,int
2014,47.062567,-122.186833,7,Jul-32,0.186,0.836,wa,4,int
2014,47.062567,-122.186833,7,Jul-33,0.053,0.721,wa,4,int
2014,47.062567,-122.186833,7,Jul-34,0.044,0.724,wa,4,int
2014,47.062567,-122.186833,7,Jul-35,0.134,0.825,wa,4,int
2014,47.062567,-122.186833,7,Jul-36,0.129,0.806,wa,4,int
2014,47.062567,-122.186833,7,Jul-37,0.047,0.747,wa,4,int
2014,47.062567,-122.186833,7,Jul-38,0.141,0.811,wa,4,int
2014,47.062567,-122.186833,7,Jul-39,0.124,0.819,wa,4,int
2014,47.062567,-122.186833,7,Jul-40,0.238,0.856,wa,4,int
2014,47.062567,-122.186833,7,Jul-41,0.084,0.766,wa,4,int
2014,47.062567,-122.186833,7,Jul-42,0.213,0.861,wa,4,int
2014,47.062567,-122.186833,7,Jul-43,0.222,0.879,wa,4,int
2014,47.062567,-122.186833,7,Jul-44,0.238,0.884,wa,4,int
2014,47.062567,-122.186833,7,Jul-45,0.211,0.89,wa,4,int
2014,47.062567,-122.186833,7,Jul-46,0.227,0.865,wa,4,int
2014,47.062567,-122.186833,7,Jul-47,0.16,0.822,wa,4,int
2014,47.062567,-122.186833,7,Jul-48,0.051,0.729,wa,4,int
2014,47.062567,-122.186833,7,Jul-49,0.141,0.803,wa,4,int
2014,47.062567,-122.186833,7,Jul-50,0.04,0.691,wa,4,int
2014,46.29075,-120.08945,8,1-Aug,0.209,0.909,wa,1,int
2014,46.29075,-120.08945,8,2-Aug,0.142,0.806,wa,1,int
2014,46.29075,-120.08945,8,3-Aug,0.173,0.863,wa,1,int
2014,46.29075,-120.08945,8,4-Aug,0.06,0.708,wa,1,int
2014,46.29075,-120.08945,8,5-Aug,0.068,0.769,wa,1,int
2014,46.18145,-123.0822,9,1-Sep,0.249,0.94,wa,2,int
2014,48.8587,-122.316733,10,1-Oct,0.069,0.76,wa,5,int
2014,48.8587,-122.316733,10,2-Oct,0.159,0.848,wa,5,int
2014,48.8587,-122.316733,10,3-Oct,0.153,0.856,wa,5,int
2014,48.8587,-122.316733,10,4-Oct,0.049,0.723,wa,5,int
2014,48.8587,-122.316733,10,5-Oct,0.079,0.763,wa,5,int
2014,48.8587,-122.316733,10,6-Oct,0.163,0.839,wa,5,int
2014,48.8587,-122.316733,10,7-Oct,0.051,0.733,wa,5,int
2014,48.8587,-122.316733,10,8-Oct,0.241,0.894,wa,5,int
2014,48.8587,-122.316733,10,9-Oct,0.156,0.842,wa,5,int
2014,48.8587,-122.316733,10,10-Oct,0.038,0.723,wa,5,int
2014,48.8587,-122.316733,10,11-Oct,0.27,0.938,wa,5,int
2014,48.8587,-122.316733,10,12-Oct,0.248,0.886,wa,5,int
2014,48.8587,-122.316733,10,13-Oct,0.205,0.842,wa,5,int
2014,48.8587,-122.316733,10,14-Oct,0.24,0.915,wa,5,int
2014,48.8587,-122.316733,10,15-Oct,0.136,0.796,wa,5,int
2014,48.8587,-122.316733,10,16-Oct,0.213,0.849,wa,5,int
2014,48.8587,-122.316733,10,17-Oct,0.031,0.713,wa,5,int
2014,48.8587,-122.316733,10,18-Oct,0.17,0.813,wa,5,int
2014,48.8587,-122.316733,10,19-Oct,0.061,0.763,wa,5,int
2014,48.8587,-122.316733,10,20-Oct,0.094,0.762,wa,5,int
2014,48.8587,-122.316733,10,21-Oct,0.245,0.853,wa,5,int
2014,48.8587,-122.316733,10,22-Oct,0.246,0.892,wa,5,int
2014,48.8587,-122.316733,10,23-Oct,0.106,0.796,wa,5,int
2014,48.8587,-122.316733,10,24-Oct,0.223,0.885,wa,5,int
2014,48.8587,-122.316733,10,25-Oct,0.199,0.955,wa,5,int
2014,48.8587,-122.316733,10,26-Oct,0.225,0.865,wa,5,int
2014,48.8587,-122.316733,10,27-Oct,0.043,0.73,wa,5,int
2014,48.8587,-122.316733,10,28-Oct,0.191,0.832,wa,5,int
2014,48.8587,-122.316733,10,29-Oct,0.227,0.879,wa,5,int
2014,48.8587,-122.316733,10,30-Oct,0.191,0.852,wa,5,int
2014,48.8587,-122.316733,10,31-Oct,0.224,0.918,wa,5,int
2014,48.8587,-122.316733,10,Oct-32,0.067,0.76,wa,5,int
2014,48.8587,-122.316733,10,Oct-33,0.211,0.872,wa,5,int
2014,48.8587,-122.316733,10,Oct-34,0.077,0.786,wa,5,int
2014,48.8587,-122.316733,10,Oct-35,0.163,0.855,wa,5,int
2014,48.8587,-122.316733,10,Oct-36,0.06,0.739,wa,5,int
2014,48.8587,-122.316733,10,Oct-37,0.094,0.779,wa,5,int
2014,48.8587,-122.316733,10,Oct-38,0.159,0.809,wa,5,int
2014,48.8587,-122.316733,10,Oct-39,0.133,0.796,wa,5,int
2014,48.8587,-122.316733,10,Oct-40,0.064,0.723,wa,5,int
2014,48.8587,-122.316733,10,Oct-41,0.051,0.733,wa,5,int
2014,48.8587,-122.316733,10,Oct-42,0.08,0.772,wa,5,int
2014,48.8587,-122.316733,10,Oct-43,0.234,0.882,wa,5,int
2014,48.8587,-122.316733,10,Oct-44,0.16,0.789,wa,5,int
2014,48.8587,-122.316733,10,Oct-45,0.143,0.809,wa,5,int
2014,48.8587,-122.316733,10,Oct-46,0.242,0.815,wa,5,int
2014,48.8587,-122.316733,10,Oct-47,0.05,0.733,wa,5,int
2014,48.8587,-122.316733,10,Oct-48,0.045,0.72,wa,5,int
2014,48.8587,-122.316733,10,Oct-49,0.209,0.855,wa,5,int
2014,48.8587,-122.316733,10,Oct-50,0.19,0.806,wa,5,int
2014,46.803167,-123.147233,11,1-Nov,0.28,0.925,wa,3,int
2014,46.803167,-123.147233,11,2-Nov,0.188,0.809,wa,3,int
2014,46.803167,-123.147233,11,3-Nov,0.174,0.855,wa,3,int
2014,46.803167,-123.147233,11,4-Nov,0.246,0.929,wa,3,int
2014,46.803167,-123.147233,11,5-Nov,0.047,0.703,wa,3,int
2014,46.803167,-123.147233,11,6-Nov,0.209,0.862,wa,3,int
2014,46.803167,-123.147233,11,7-Nov,0.245,0.925,wa,3,int
2014,46.803167,-123.147233,11,8-Nov,0.045,0.762,wa,3,int
2014,46.803167,-123.147233,11,9-Nov,0.23,0.895,wa,3,int
2014,46.803167,-123.147233,11,10-Nov,0.22,0.852,wa,3,int
2014,46.803167,-123.147233,11,11-Nov,0.103,0.809,wa,3,int
2014,46.803167,-123.147233,11,12-Nov,0.233,0.862,wa,3,int
2014,46.803167,-123.147233,11,13-Nov,0.057,0.717,wa,3,int
2014,46.803167,-123.147233,11,14-Nov,0.109,0.79,wa,3,int
2014,46.803167,-123.147233,11,15-Nov,0.157,0.816,wa,3,int
2014,46.803167,-123.147233,11,16-Nov,0.189,0.835,wa,3,int
2014,46.803167,-123.147233,11,17-Nov,0.154,0.812,wa,3,int
2014,46.803167,-123.147233,11,18-Nov,0.076,0.752,wa,3,int
2014,46.803167,-123.147233,11,19-Nov,0.156,0.835,wa,3,int
2014,46.803167,-123.147233,11,20-Nov,0.214,0.836,wa,3,int
2014,46.803167,-123.147233,11,21-Nov,0.22,0.862,wa,3,int
2014,46.803167,-123.147233,11,22-Nov,0.072,0.779,wa,3,int
2014,46.803167,-123.147233,11,23-Nov,0.057,0.739,wa,3,int
2014,46.803167,-123.147233,11,24-Nov,0.2,0.849,wa,3,int
2014,46.803167,-123.147233,11,25-Nov,0.197,0.862,wa,3,int
2014,46.803167,-123.147233,11,26-Nov,0.139,0.812,wa,3,int
2014,46.803167,-123.147233,11,27-Nov,0.209,0.908,wa,3,int
2014,46.803167,-123.147233,11,28-Nov,0.096,0.766,wa,3,int
2014,46.803167,-123.147233,11,29-Nov,0.091,0.78,wa,3,int
2014,46.803167,-123.147233,11,30-Nov,0.239,0.898,wa,3,int
2014,46.803167,-123.147233,11,Nov-31,0.156,0.779,wa,3,int
2014,46.803167,-123.147233,11,Nov-32,0.235,0.888,wa,3,int
2014,46.803167,-123.147233,11,Nov-33,0.05,0.719,wa,3,int
2014,46.803167,-123.147233,11,Nov-34,0.038,0.719,wa,3,int
2014,46.803167,-123.147233,11,Nov-35,0.245,0.892,wa,3,int
2014,46.803167,-123.147233,11,Nov-36,0.04,0.749,wa,3,int
2014,46.803167,-123.147233,11,Nov-37,0.064,0.766,wa,3,int
2014,46.803167,-123.147233,11,Nov-38,0.05,0.759,wa,3,int
2014,46.803167,-123.147233,11,Nov-39,0.123,0.756,wa,3,int
2014,46.803167,-123.147233,11,Nov-40,0.279,0.908,wa,3,int
2014,46.803167,-123.147233,11,Nov-41,0.072,0.769,wa,3,int
2014,46.803167,-123.147233,11,Nov-42,0.254,0.892,wa,3,int
2014,46.803167,-123.147233,11,Nov-43,0.031,0.706,wa,3,int
2014,46.803167,-123.147233,11,Nov-44,0.08,0.753,wa,3,int
2014,46.803167,-123.147233,11,Nov-45,0.236,0.869,wa,3,int
2014,46.803167,-123.147233,11,Nov-46,0.056,0.69,wa,3,int
2014,46.803167,-123.147233,11,Nov-47,0.063,0.746,wa,3,int
2014,46.803167,-123.147233,11,Nov-48,0.041,0.693,wa,3,int
2014,46.803167,-123.147233,11,Nov-49,0.176,0.825,wa,3,int
2014,46.803167,-123.147233,11,Nov-50,0.068,0.74,wa,3,int
2014,45.113283,-122.863717,12,1-Dec,0.133,0.799,or,5,conv
2014,45.113283,-122.863717,12,2-Dec,0.151,0.885,or,5,conv
2014,45.113283,-122.863717,12,3-Dec,0.241,0.902,or,5,conv
2014,45.113283,-122.863717,12,4-Dec,0.217,0.882,or,5,conv
2014,45.113283,-122.863717,12,5-Dec,0.105,0.782,or,5,conv
2014,45.113283,-122.863717,12,6-Dec,0.148,0.819,or,5,conv
2014,45.113283,-122.863717,12,7-Dec,0.119,0.796,or,5,conv
2014,45.113283,-122.863717,12,8-Dec,0.228,0.918,or,5,conv
2014,45.113283,-122.863717,12,9-Dec,0.038,0.739,or,5,conv
2014,45.113283,-122.863717,12,10-Dec,0.168,0.832,or,5,conv
2014,44.60625,-123.223367,13,13-01,0.211,0.882,or,4,conv
2014,44.60625,-123.223367,13,13-02,0.209,0.869,or,4,conv
2014,44.60625,-123.223367,13,13-03,0.267,0.978,or,4,conv
2014,44.60625,-123.223367,13,13-04,0.248,0.905,or,4,conv
2014,44.60625,-123.223367,13,13-05,0.276,0.961,or,4,conv
2014,44.60625,-123.223367,13,13-06,0.284,0.928,or,4,conv
2014,44.60625,-123.223367,13,13-07,0.102,0.756,or,4,conv
2014,44.60625,-123.223367,13,13-08,0.246,0.919,or,4,conv
2014,44.60625,-123.223367,13,13-09,0.11,0.769,or,4,conv
2014,44.60625,-123.223367,13,13-10,0.232,0.915,or,4,conv
2014,44.60625,-123.223367,13,13-11,0.103,0.776,or,4,conv
2014,44.60625,-123.223367,13,13-12,0.209,0.869,or,4,conv
2014,44.60625,-123.223367,13,13-13,0.23,0.922,or,4,conv
2014,44.60625,-123.223367,13,13-14,0.184,0.862,or,4,conv
2014,44.60625,-123.223367,13,13-15,0.107,0.799,or,4,conv
2014,44.60625,-123.223367,13,13-16,0.179,0.829,or,4,conv
2014,44.60625,-123.223367,13,13-17,0.113,0.746,or,4,conv
2014,44.60625,-123.223367,13,13-18,0.242,0.952,or,4,conv
2014,44.60625,-123.223367,13,13-19,0.047,0.736,or,4,conv
2014,44.60625,-123.223367,13,13-20,0.056,0.719,or,4,conv
2014,44.00015,-122.9337,14,14-01,0.212,0.905,or,3,conv
2014,44.00015,-122.9337,14,14-02,0.126,0.779,or,3,conv
2014,44.00015,-122.9337,14,14-03,0.218,0.985,or,3,conv
2014,44.00015,-122.9337,14,14-04,0.232,0.862,or,3,conv
2014,44.00015,-122.9337,14,14-05,0.219,0.869,or,3,conv
2014,44.00015,-122.9337,14,14-06,0.234,0.832,or,3,conv
2014,44.00015,-122.9337,14,14-07,0.049,0.67,or,3,conv
2014,44.00015,-122.9337,14,14-08,0.042,0.673,or,3,conv
2014,44.00015,-122.9337,14,14-09,0.172,0.819,or,3,conv
2014,44.00015,-122.9337,14,14-10,0.185,0.842,or,3,conv
2014,44.00015,-122.9337,14,14-11,0.207,0.849,or,3,conv
2014,44.00015,-122.9337,14,14-12,0.177,0.829,or,3,conv
2014,44.00015,-122.9337,14,14-13,0.064,0.766,or,3,conv
2014,44.00015,-122.9337,14,14-14,0.04,0.686,or,3,conv
2014,44.00015,-122.9337,14,14-15,0.122,0.816,or,3,conv
2014,44.00015,-122.9337,14,14-16,0.205,0.865,or,3,conv
2014,44.00015,-122.9337,14,14-17,0.215,0.819,or,3,conv
2014,44.00015,-122.9337,14,14-18,0.068,0.743,or,3,conv
2014,44.00015,-122.9337,14,14-19,0.159,0.792,or,3,conv
2014,44.00015,-122.9337,14,14-20,0.134,0.832,or,3,conv
2014,44.00015,-122.9337,14,14-21,0.206,0.865,or,3,conv
2014,44.00015,-122.9337,14,14-22,0.198,0.875,or,3,conv
2014,44.00015,-122.9337,14,14-23,0.233,0.943,or,3,conv
2014,44.00015,-122.9337,14,14-24,0.255,0.925,or,3,conv
2014,44.00015,-122.9337,14,14-25,0.1,0.764,or,3,conv
2014,44.00015,-122.9337,14,14-26,0.202,0.855,or,3,conv
2014,44.00015,-122.9337,14,14-27,0.192,0.89,or,3,conv
2014,44.00015,-122.9337,14,14-28,0.246,0.918,or,3,conv
2014,44.00015,-122.9337,14,14-29,0.073,0.762,or,3,conv
2014,44.00015,-122.9337,14,14-30,0.127,0.783,or,3,conv
2014,44.00015,-122.9337,14,14-31,0.023,0.699,or,3,conv
2014,44.00015,-122.9337,14,14-32,0.149,0.799,or,3,conv
2014,44.00015,-122.9337,14,14-33,0.206,0.892,or,3,conv
2014,44.00015,-122.9337,14,14-34,0.25,0.942,or,3,conv
2014,44.00015,-122.9337,14,14-35,0.197,0.829,or,3,conv
2014,44.00015,-122.9337,14,14-36,0.239,0.908,or,3,conv
2014,44.00015,-122.9337,14,14-37,0.048,0.719,or,3,conv
2014,43.268567,-123.422217,15,15-01,0.153,0.809,or,2,conv
2014,43.268567,-123.422217,15,15-02,0.207,0.822,or,2,conv
2014,43.268567,-123.422217,15,15-03,0.262,0.961,or,2,conv
2014,43.268567,-123.422217,15,15-04,0.044,0.753,or,2,conv
2014,43.268567,-123.422217,15,15-05,0.04,0.748,or,2,conv
2014,43.268567,-123.422217,15,15-06,0.193,0.889,or,2,conv
2014,43.268567,-123.422217,15,15-07,0.219,0.905,or,2,conv
2014,43.268567,-123.422217,15,15-08,0.194,0.842,or,2,conv
2014,43.268567,-123.422217,15,15-09,0.247,0.916,or,2,conv
2014,43.268567,-123.422217,15,15-10,0.195,0.849,or,2,conv
2014,43.268567,-123.422217,15,15-11,0.244,0.879,or,2,conv
2014,43.268567,-123.422217,15,15-12,0.17,0.862,or,2,conv
2014,43.268567,-123.422217,15,15-13,0.196,0.835,or,2,conv
2014,43.268567,-123.422217,15,15-14,0.187,0.832,or,2,conv
2014,43.268567,-123.422217,15,15-15,0.082,0.782,or,2,conv
2014,43.268567,-123.422217,15,15-16,0.216,0.852,or,2,conv
2014,43.268567,-123.422217,15,15-17,0.261,0.902,or,2,conv
2014,43.268567,-123.422217,15,15-18,0.026,0.719,or,2,conv
2014,43.268567,-123.422217,15,15-19,0.227,0.845,or,2,conv
2014,43.268567,-123.422217,15,15-20,0.059,0.776,or,2,conv
2014,43.268567,-123.422217,15,15-21,0.258,0.915,or,2,conv
2014,43.268567,-123.422217,15,15-22,0.22,0.908,or,2,conv
2014,43.268567,-123.422217,15,15-23,0.213,0.859,or,2,conv
2014,43.268567,-123.422217,15,15-24,0.173,0.83,or,2,conv
2014,43.268567,-123.422217,15,15-25,0.245,0.872,or,2,conv
2014,43.268567,-123.422217,15,15-26,0.133,0.904,or,2,conv
2014,43.268567,-123.422217,15,15-27,0.191,0.856,or,2,conv
2014,43.268567,-123.422217,15,15-28,0.234,0.941,or,2,conv
2014,43.268567,-123.422217,15,15-29,0.174,0.849,or,2,conv
2014,43.268567,-123.422217,15,15-30,0.074,0.796,or,2,conv
2014,43.268567,-123.422217,15,15-31,0.236,0.918,or,2,conv
2014,43.268567,-123.422217,15,15-32,0.139,0.766,or,2,conv
2014,43.268567,-123.422217,15,15-33,0.133,0.756,or,2,conv
2014,43.268567,-123.422217,15,15-34,0.064,0.729,or,2,conv
2014,43.268567,-123.422217,15,15-35,0.185,0.809,or,2,conv
2014,43.268567,-123.422217,15,15-36,0.217,0.865,or,2,conv
2014,43.268567,-123.422217,15,15-37,0.196,0.819,or,2,conv
2014,43.268567,-123.422217,15,15-38,0.088,0.782,or,2,conv
2014,43.268567,-123.422217,15,15-39,0.021,0.663,or,2,conv
2014,43.268567,-123.422217,15,15-40,0.047,0.73,or,2,conv
2014,43.268567,-123.422217,15,15-41,0.099,0.75,or,2,conv
2014,43.268567,-123.422217,15,15-42,0.165,0.856,or,2,conv
2014,43.268567,-123.422217,15,15-43,0.179,0.862,or,2,conv
2014,43.268567,-123.422217,15,15-44,0.201,0.842,or,2,conv
2014,43.268567,-123.422217,15,15-45,0.256,0.918,or,2,conv
2014,43.268567,-123.422217,15,15-46,0.16,0.819,or,2,conv
2014,43.268567,-123.422217,15,15-47,0.168,0.812,or,2,conv
2014,43.268567,-123.422217,15,15-48,0.166,0.822,or,2,conv
2014,43.268567,-123.422217,15,15-49,0.209,0.872,or,2,conv
2014,43.268567,-123.422217,15,15-50,0.209,0.809,or,2,conv
2014,44.53025,-123.371883,16,16-01,0.242,0.945,or,4,org
2014,44.53025,-123.371883,16,16-02,0.279,0.938,or,4,org
2014,44.53025,-123.371883,16,16-03,0.19,0.829,or,4,org
2014,44.53025,-123.371883,16,16-04,0.264,0.905,or,4,org
2014,44.53025,-123.371883,16,16-05,0.055,0.736,or,4,org
2014,44.53025,-123.371883,16,16-06,0.214,0.855,or,4,org
2014,44.53025,-123.371883,16,16-07,0.085,0.75,or,4,org
2014,44.53025,-123.371883,16,16-08,0.219,0.88,or,4,org
2014,45.31265,-123.017283,18,18-01,0.201,0.856,or,5,org
2014,45.31265,-123.017283,18,18-02,0.085,0.762,or,5,org
2014,45.31265,-123.017283,18,18-03,0.04,0.729,or,5,org
2014,45.31265,-123.017283,18,18-04,0.166,0.792,or,5,org
2014,45.31265,-123.017283,18,18-05,0.268,0.935,or,5,org
2014,45.31265,-123.017283,18,18-06,0.199,0.909,or,5,org
2014,45.31265,-123.017283,18,18-07,0.08,0.773,or,5,org
2014,45.31265,-123.017283,18,18-08,0.094,0.763,or,5,org
2014,45.31265,-123.017283,18,18-09,0.113,0.776,or,5,org
2014,45.31265,-123.017283,18,18-10,0.208,0.832,or,5,org
2014,45.31265,-123.017283,18,18-11,0.052,0.737,or,5,org
2014,45.31265,-123.017283,18,18-12,0.23,0.905,or,5,org
2014,45.31265,-123.017283,18,18-13,0.128,0.809,or,5,org
2014,45.31265,-123.017283,18,18-14,0.197,0.872,or,5,org
2014,45.31265,-123.017283,18,18-15,0.185,0.836,or,5,org
2014,45.31265,-123.017283,18,18-16,0.039,0.74,or,5,org
2014,45.31265,-123.017283,18,18-17,0.227,0.865,or,5,org
2014,45.31265,-123.017283,18,18-18,0.081,0.842,or,5,org
2014,45.31265,-123.017283,18,18-19,0.139,0.776,or,5,org
2014,45.31265,-123.017283,18,18-20,0.057,0.749,or,5,org
2014,45.31265,-123.017283,18,18-21,0.03,0.7,or,5,org
2014,45.31265,-123.017283,18,18-22,0.068,0.736,or,5,org
2014,45.31265,-123.017283,18,18-23,0.172,0.829,or,5,org
2014,43.881667,-122.818717,19,19-01,0.123,0.815,or,3,org
2014,43.881667,-122.818717,19,19-02,0.179,0.849,or,3,org
2014,43.881667,-122.818717,19,19-03,0.273,0.916,or,3,org
2014,43.881667,-122.818717,19,19-04,0.168,0.825,or,3,org
2014,43.881667,-122.818717,19,19-05,0.217,0.855,or,3,org
2014,43.881667,-122.818717,19,19-06,0.131,0.802,or,3,org
2014,43.881667,-122.818717,19,19-07,0.196,0.875,or,3,org
2014,44.565383,-123.2411,20,20-01,0.183,0.892,or,4,int
2014,44.565383,-123.2411,20,20-02,0.096,0.763,or,4,int
2014,44.565383,-123.2411,20,20-03,0.124,0.776,or,4,int
2014,44.565383,-123.2411,20,20-04,0.173,0.812,or,4,int
2014,44.565383,-123.2411,20,20-05,0.139,0.809,or,4,int
2014,44.565383,-123.2411,20,20-06,0.239,0.938,or,4,int
2014,44.565383,-123.2411,20,20-07,0.24,0.872,or,4,int
2014,44.565383,-123.2411,20,20-08,0.111,0.799,or,4,int
2014,44.565383,-123.2411,20,20-09,0.222,0.902,or,4,int
2014,44.565383,-123.2411,20,20-10,0.085,0.796,or,4,int
2014,44.565383,-123.2411,20,20-11,0.214,0.875,or,4,int
2014,44.565383,-123.2411,20,20-12,0.231,0.922,or,4,int
2014,44.565383,-123.2411,20,20-13,0.105,0.776,or,4,int
2014,44.565383,-123.2411,20,20-14,0.22,0.872,or,4,int
2014,44.565383,-123.2411,20,20-15,0.207,0.869,or,4,int
2014,44.565383,-123.2411,20,20-16,0.106,0.772,or,4,int
2014,44.565383,-123.2411,20,20-17,0.155,0.806,or,4,int
2014,44.565383,-123.2411,20,20-18,0.117,0.806,or,4,int
2014,44.095617,-123.465067,21,21-01,0.235,0.938,or,3,int
2014,44.095617,-123.465067,21,21-02,0.233,0.915,or,3,int
2014,44.095617,-123.465067,21,21-03,0.204,0.878,or,3,int
2014,44.095617,-123.465067,21,21-04,0.214,0.852,or,3,int
2014,44.095617,-123.465067,21,21-05,0.162,0.831,or,3,int
2014,44.095617,-123.465067,21,21-06,0.219,0.932,or,3,int
2014,44.095617,-123.465067,21,21-07,0.26,0.905,or,3,int
2014,44.095617,-123.465067,21,21-08,0.199,0.832,or,3,int
2014,44.095617,-123.465067,21,21-09,0.28,0.945,or,3,int
2014,44.095617,-123.465067,21,21-10,0.164,0.822,or,3,int
2014,44.095617,-123.465067,21,21-11,0.04,0.729,or,3,int
2014,44.095617,-123.465067,21,21-12,0.234,0.912,or,3,int
2014,44.095617,-123.465067,21,21-13,0.213,0.832,or,3,int
2014,44.095617,-123.465067,21,21-14,0.176,0.796,or,3,int
2014,44.095617,-123.465067,21,21-15,0.263,0.845,or,3,int
2014,44.095617,-123.465067,21,21-16,0.2,0.855,or,3,int
2014,44.095617,-123.465067,21,21-17,0.197,0.852,or,3,int
2014,44.095617,-123.465067,21,21-18,0.262,0.902,or,3,int
2014,44.095617,-123.465067,21,21-19,0.265,0.955,or,3,int
2014,44.095617,-123.465067,21,21-20,0.163,0.866,or,3,int
2014,44.095617,-123.465067,21,21-21,0.283,0.972,or,3,int
2014,44.095617,-123.465067,21,21-22,0.227,0.882,or,3,int
2014,44.095617,-123.465067,21,21-23,0.175,0.816,or,3,int
2014,44.095617,-123.465067,21,21-24,0.241,0.863,or,3,int
2014,44.095617,-123.465067,21,21-25,0.22,0.862,or,3,int
2014,44.095617,-123.465067,21,21-26,0.159,0.825,or,3,int
2014,44.095617,-123.465067,21,21-27,0.068,0.736,or,3,int
2014,44.095617,-123.465067,21,21-28,0.232,0.899,or,3,int
2014,44.095617,-123.465067,21,21-29,0.042,0.703,or,3,int
2014,44.095617,-123.465067,21,21-30,0.132,0.769,or,3,int
2014,44.095617,-123.465067,21,21-31,0.088,0.786,or,3,int
2014,45.114367,-122.9588,23,23-01,0.157,0.782,or,5,int
2014,45.114367,-122.9588,23,23-02,0.192,0.845,or,5,int
2014,45.114367,-122.9588,23,23-03,0.167,0.786,or,5,int
2014,45.114367,-122.9588,23,23-04,0.144,0.822,or,5,int
2014,45.114367,-122.9588,23,23-05,0.228,0.862,or,5,int
2014,43.119433,-123.275267,24,24-01,0.223,0.869,or,2,int
2014,43.119433,-123.275267,24,24-02,0.075,0.759,or,2,int
2014,43.119433,-123.275267,24,24-03,0.191,0.859,or,2,int
2015,45.901133,-119.896667,35,35-01,0.05,0.739,wa,1,conv
2015,45.901133,-119.896667,35,35-02,0.219,0.895,wa,1,conv
2015,47.198517,-122.344367,36,36-01,0.273,0.931,wa,4,conv
2015,47.198517,-122.344367,36,36-02,0.278,0.915,wa,4,conv
2015,47.198517,-122.344367,36,36-03,0.201,0.869,wa,4,conv
2015,47.198517,-122.344367,36,36-04,0.277,0.932,wa,4,conv
2015,47.198517,-122.344367,36,36-05,0.243,0.865,wa,4,conv
2015,47.198517,-122.344367,36,36-06,0.114,0.806,wa,4,conv
2015,47.198517,-122.344367,36,36-07,0.2,0.849,wa,4,conv
2015,47.198517,-122.344367,36,36-08,0.056,0.762,wa,4,conv
2015,47.198517,-122.344367,36,36-09,0.272,0.869,wa,4,conv
2015,47.198517,-122.344367,36,36-10,0.213,0.822,wa,4,conv
2015,47.198517,-122.344367,36,36-11,0.066,0.759,wa,4,conv
2015,47.198517,-122.344367,36,36-12,0.145,0.799,wa,4,conv
2015,47.2261,-122.369083,37,37-1,0.195,0.855,wa,4,org
2015,47.2261,-122.369083,37,37-2,0.126,0.756,wa,4,org
2015,47.2261,-122.369083,37,37-3,0.253,0.971,wa,4,org
2015,47.2261,-122.369083,37,37-4,0.073,0.776,wa,4,org
2015,47.2261,-122.369083,37,37-5,0.24,0.849,wa,4,org
2015,47.2261,-122.369083,37,37-6,0.054,0.746,wa,4,org
2015,47.2261,-122.369083,37,37-7,0.185,0.826,wa,4,org
2015,47.2261,-122.369083,37,37-8,0.095,0.766,wa,4,org
2015,47.2261,-122.369083,37,37-9,0.045,0.696,wa,4,org
2015,47.2261,-122.369083,37,37-10,0.131,0.789,wa,4,org
2015,47.2261,-122.369083,37,37-11,0.166,0.792,wa,4,org
2015,47.2261,-122.369083,37,37-12,0.151,0.766,wa,4,org
2015,47.2261,-122.369083,37,37-13,0.1,0.839,wa,4,org
2015,47.2261,-122.369083,37,37-14,0.181,0.821,wa,4,org
2015,47.2261,-122.369083,37,37-15,0.22,0.838,wa,4,org
2015,47.2261,-122.369083,37,37-16,0.091,0.775,wa,4,org
2015,47.2261,-122.369083,37,37-17,0.18,0.881,wa,4,org
2015,47.2261,-122.369083,37,37-18,0.136,0.801,wa,4,org
2015,47.2261,-122.369083,37,37-19,0.14,0.773,wa,4,org
2015,47.2261,-122.369083,37,37-20,0.083,0.798,wa,4,org
2015,47.2261,-122.369083,37,37-21,0.243,0.921,wa,4,org
2015,47.2261,-122.369083,37,37-22,0.12,0.788,wa,4,org
2015,48.487033,-122.2931,38,38-1,0.214,0.802,wa,5,org
2015,48.487033,-122.2931,38,38-2,0.136,0.802,wa,5,org
2015,48.487033,-122.2931,38,38-3,0.244,0.918,wa,5,org
2015,48.487033,-122.2931,38,38-4,0.216,0.852,wa,5,org
2015,48.487033,-122.2931,38,38-5,0.224,0.876,wa,5,org
2015,48.487033,-122.2931,38,38-6,0.111,0.772,wa,5,org
2015,48.487033,-122.2931,38,38-7,0.146,0.776,wa,5,org
2015,48.487033,-122.2931,38,38-8,0.283,0.975,wa,5,org
2015,48.487033,-122.2931,38,38-9,0.279,0.905,wa,5,org
2015,48.487033,-122.2931,38,38-10,0.146,0.831,wa,5,org
2015,48.487033,-122.2931,38,38-11,0.163,0.851,wa,5,org
2015,48.487033,-122.2931,38,38-12,0.26,0.936,wa,5,org
2015,48.487033,-122.2931,38,38-13,0.249,0.894,wa,5,org
2015,48.487033,-122.2931,38,38-14,0.194,0.828,wa,5,org
2015,48.487033,-122.2931,38,38-15,0.235,0.828,wa,5,org
2015,48.487033,-122.2931,38,38-16,0.061,0.699,wa,5,org
2015,48.487033,-122.2931,38,38-17,0.242,0.867,wa,5,org
2015,48.487033,-122.2931,38,38-18,0.14,0.812,wa,5,org
2015,48.487033,-122.2931,38,38-19,0.225,0.841,wa,5,org
2015,48.487033,-122.2931,38,38-20,0.231,0.901,wa,5,org
2015,48.487033,-122.2931,38,38-21,0.218,0.868,wa,5,org
2015,48.487033,-122.2931,38,38-22,0.163,0.812,wa,5,org
2015,48.487033,-122.2931,38,38-23,0.099,0.725,wa,5,org
2015,48.487033,-122.2931,38,38-24,0.06,0.759,wa,5,org
2015,48.487033,-122.2931,38,38-25,0.177,0.829,wa,5,org
2015,48.487033,-122.2931,38,38-26,0.194,0.821,wa,5,org
2015,48.487033,-122.2931,38,38-27,0.243,0.898,wa,5,org
2015,48.487033,-122.2931,38,38-28,0.175,0.801,wa,5,org
2015,48.487033,-122.2931,38,38-29,0.239,0.903,wa,5,org
2015,48.487033,-122.2931,38,38-30,0.24,0.884,wa,5,org
2015,48.487033,-122.2931,38,38-31,0.142,0.805,wa,5,org
2015,48.487033,-122.2931,38,38-32,0.087,0.742,wa,5,org
2015,48.487033,-122.2931,38,38-33,0.142,0.782,wa,5,org
2015,48.487033,-122.2931,38,38-34,0.233,0.858,wa,5,org
2015,48.487033,-122.2931,38,38-35,0.224,0.823,wa,5,org
2015,48.487033,-122.2931,38,38-36,0.073,0.736,wa,5,org
2015,48.487033,-122.2931,38,38-37,0.236,0.834,wa,5,org
2015,48.487033,-122.2931,38,38-38,0.235,0.921,wa,5,org
2015,48.487033,-122.2931,38,38-39,0.107,0.743,wa,5,org
2015,48.487033,-122.2931,38,38-40,0.221,0.842,wa,5,org
2015,48.487033,-122.2931,38,38-41,0.209,0.802,wa,5,org
2015,48.487033,-122.2931,38,38-42,0.272,0.917,wa,5,org
2015,48.487033,-122.2931,38,38-43,0.252,0.898,wa,5,org
2015,48.487033,-122.2931,38,38-44,0.161,0.844,wa,5,org
2015,48.487033,-122.2931,38,38-45,0.181,0.812,wa,5,org
2015,48.487033,-122.2931,38,38-46,0.066,0.758,wa,5,org
2015,48.487033,-122.2931,38,38-47,0.178,0.805,wa,5,org
2015,48.487033,-122.2931,38,38-48,0.095,0.732,wa,5,org
2015,48.487033,-122.2931,38,38-49,0.183,0.795,wa,5,org
2015,48.487033,-122.2931,38,38-50,0.143,0.798,wa,5,org
2015,46.582917,-123.113467,39,39-1,0.24,0.896,wa,3,org
2015,46.582917,-123.113467,39,39-2,0.256,0.879,wa,3,org
2015,46.582917,-123.113467,39,39-3,0.285,0.878,wa,3,org
2015,46.582917,-123.113467,39,39-4,0.21,0.819,wa,3,org
2015,46.582917,-123.113467,39,39-5,0.191,0.792,wa,3,org
2015,46.582917,-123.113467,39,39-6,0.256,0.859,wa,3,org
2015,46.582917,-123.113467,39,39-7,0.2,0.792,wa,3,org
2015,46.582917,-123.113467,39,39-8,0.236,0.952,wa,3,org
2015,46.582917,-123.113467,39,39-9,0.268,0.909,wa,3,org
2015,46.582917,-123.113467,39,39-10,0.19,0.834,wa,3,org
2015,46.582917,-123.113467,39,39-11,0.108,0.75,wa,3,org
2015,46.582917,-123.113467,39,39-12,0.235,0.879,wa,3,org
2015,46.582917,-123.113467,39,39-13,0.163,0.792,wa,3,org
2015,46.582917,-123.113467,39,39-14,0.202,0.822,wa,3,org
2015,46.582917,-123.113467,39,39-15,0.183,0.864,wa,3,org
2015,46.582917,-123.113467,39,39-16,0.183,0.816,wa,3,org
2015,46.582917,-123.113467,39,39-17,0.218,0.816,wa,3,org
2015,46.582917,-123.113467,39,39-18,0.273,0.937,wa,3,org
2015,46.582917,-123.113467,39,39-19,0.086,0.733,wa,3,org
2015,46.582917,-123.113467,39,39-20,0.127,0.772,wa,3,org
2015,46.582917,-123.113467,39,39-21,0.209,0.865,wa,3,org
2015,46.582917,-123.113467,39,39-22,0.05,0.667,wa,3,org
2015,46.582917,-123.113467,39,39-23,0.153,0.773,wa,3,org
2015,46.582917,-123.113467,39,39-24,0.204,0.835,wa,3,org
2015,46.582917,-123.113467,39,39-25,0.264,0.968,wa,3,org
2015,46.582917,-123.113467,39,39-26,0.262,0.904,wa,3,org
2015,46.582917,-123.113467,39,39-27,0.224,0.839,wa,3,org
2015,46.582917,-123.113467,39,39-28,0.152,0.81,wa,3,org
2015,46.582917,-123.113467,39,39-29,0.157,0.783,wa,3,org
2015,46.582917,-123.113467,39,39-30,0.067,0.739,wa,3,org
2015,46.582917,-123.113467,39,39-31,0.225,0.836,wa,3,org
2015,46.582917,-123.113467,39,39-32,0.21,0.852,wa,3,org
2015,46.582917,-123.113467,39,39-33,0.292,0.945,wa,3,org
2015,46.582917,-123.113467,39,39-34,0.177,0.796,wa,3,org
2015,46.582917,-123.113467,39,39-35,0.213,0.863,wa,3,org
2015,46.582917,-123.113467,39,39-36,0.034,0.676,wa,3,org
2015,46.582917,-123.113467,39,39-37,0.224,0.888,wa,3,org
2015,46.582917,-123.113467,39,39-38,0.155,0.812,wa,3,org
2015,46.582917,-123.113467,39,39-39,0.025,0.643,wa,3,org
2015,46.582917,-123.113467,39,39-40,0.146,0.812,wa,3,org
2015,46.582917,-123.113467,39,39-41,0.249,0.868,wa,3,org
2015,46.582917,-123.113467,39,39-42,0.129,0.786,wa,3,org
2015,46.582917,-123.113467,39,39-43,0.103,0.756,wa,3,org
2015,46.582917,-123.113467,39,39-44,0.133,0.797,wa,3,org
2015,46.582917,-123.113467,39,39-45,0.135,0.785,wa,3,org
2015,46.582917,-123.113467,39,39-46,0.213,0.885,wa,3,org
2015,46.582917,-123.113467,39,39-47,0.049,0.733,wa,3,org
2015,46.582917,-123.113467,39,39-48,0.073,0.739,wa,3,org
2015,46.582917,-123.113467,39,39-49,0.191,0.826,wa,3,org
2015,46.582917,-123.113467,39,39-50,0.028,0.671,wa,3,org
2015,45.93285,-119.909817,40,40-1,0.083,0.757,wa,1,org
2015,45.93285,-119.909817,40,40-2,0.246,0.852,wa,1,org
2015,45.93285,-119.909817,40,40-3,0.192,0.865,wa,1,org
2015,45.93285,-119.909817,40,40-4,0.174,0.825,wa,1,org
2015,45.93285,-119.909817,40,40-5,0.121,0.806,wa,1,org
2015,45.93285,-119.909817,40,40-6,0.229,0.885,wa,1,org
2015,45.93285,-119.909817,40,40-7,0.196,0.815,wa,1,org
2015,45.93285,-119.909817,40,40-8,0.194,0.856,wa,1,org
2015,47.062333,-122.186883,41,41-1,0.074,0.723,wa,4,int
2015,47.062333,-122.186883,41,41-2,0.08,0.77,wa,4,int
2015,47.062333,-122.186883,41,41-3,0.179,0.822,wa,4,int
2015,47.062333,-122.186883,41,41-4,0.042,0.714,wa,4,int
2015,47.062333,-122.186883,41,41-5,0.127,0.806,wa,4,int
2015,47.062333,-122.186883,41,41-6,0.227,0.899,wa,4,int
2015,47.062333,-122.186883,41,41-7,0.246,0.895,wa,4,int
2015,47.062333,-122.186883,41,41-8,0.172,0.812,wa,4,int
2015,47.062333,-122.186883,41,41-9,0.269,0.955,wa,4,int
2015,47.062333,-122.186883,41,41-10,0.11,0.879,wa,4,int
2015,47.062333,-122.186883,41,41-11,0.246,0.949,wa,4,int
2015,47.062333,-122.186883,41,41-12,0.255,0.875,wa,4,int
2015,47.062333,-122.186883,41,41-13,0.107,0.787,wa,4,int
2015,47.062333,-122.186883,41,41-14,0.18,0.822,wa,4,int
2015,47.062333,-122.186883,41,41-15,0.064,0.753,wa,4,int
2015,47.062333,-122.186883,41,41-16,0.044,0.729,wa,4,int
2015,47.062333,-122.186883,41,41-17,0.209,0.865,wa,4,int
2015,47.062333,-122.186883,41,41-18,0.134,0.796,wa,4,int
2015,47.062333,-122.186883,41,41-19,0.036,0.715,wa,4,int
2015,47.062333,-122.186883,41,41-20,0.237,0.867,wa,4,int
2015,47.062333,-122.186883,41,41-21,0.109,0.769,wa,4,int
2015,47.062333,-122.186883,41,41-22,0.052,0.703,wa,4,int
2015,47.062333,-122.186883,41,41-23,0.072,0.746,wa,4,int
2015,47.062333,-122.186883,41,41-24,0.116,0.783,wa,4,int
2015,47.062333,-122.186883,41,41-25,0.15,0.786,wa,4,int
2015,47.062333,-122.186883,41,41-26,0.065,0.753,wa,4,int
2015,47.062333,-122.186883,41,41-27,0.022,0.598,wa,4,int
2015,47.062333,-122.186883,41,41-28,0.03,0.591,wa,4,int
2015,47.062333,-122.186883,41,41-29,0.031,0.66,wa,4,int
2015,47.062333,-122.186883,41,41-30,0.033,0.714,wa,4,int
2015,47.062333,-122.186883,41,41-31,0.061,0.748,wa,4,int
2015,47.062333,-122.186883,41,41-32,0.04,0.71,wa,4,int
2015,47.062333,-122.186883,41,41-33,0.047,0.721,wa,4,int
2015,47.062333,-122.186883,41,41-34,0.087,0.793,wa,4,int
2015,47.062333,-122.186883,41,41-35,0.033,0.677,wa,4,int
2015,47.062333,-122.186883,41,41-36,0.133,0.777,wa,4,int
2015,47.062333,-122.186883,41,41-37,0.043,0.67,wa,4,int
2015,47.062333,-122.186883,41,41-38,0.227,0.869,wa,4,int
2015,47.062333,-122.186883,41,41-39,0.146,0.825,wa,4,int
2015,46.290717,-120.089417,42,42-01,0.196,0.835,wa,1,int
2015,46.290717,-120.089417,42,42-02,0.175,0.832,wa,1,int
2015,46.290717,-120.089417,42,42-03,0.226,0.87,wa,1,int
2015,46.290717,-120.089417,42,42-04,0.11,0.753,wa,1,int
2015,46.290717,-120.089417,42,42-05,0.042,0.7,wa,1,int
2015,46.290717,-120.089417,42,42-06,0.052,0.706,wa,1,int
2015,46.290717,-120.089417,42,42-07,0.143,0.832,wa,1,int
2015,46.290717,-120.089417,42,42-08,0.207,0.843,wa,1,int
2015,46.290717,-120.089417,42,42-09,0.121,0.759,wa,1,int
2015,48.857967,-122.31695,43,43-01,0.202,0.886,wa,5,int
2015,48.857967,-122.31695,43,43-02,0.249,0.872,wa,5,int
2015,48.857967,-122.31695,43,43-03,0.119,0.789,wa,5,int
2015,48.857967,-122.31695,43,43-04,0.245,0.885,wa,5,int
2015,48.857967,-122.31695,43,43-05,0.066,0.733,wa,5,int
2015,48.857967,-122.31695,43,43-06,0.174,0.786,wa,5,int
2015,48.857967,-122.31695,43,43-07,0.1,0.766,wa,5,int
2015,48.857967,-122.31695,43,43-08,0.133,0.789,wa,5,int
2015,48.857967,-122.31695,43,43-09,0.233,0.935,wa,5,int
2015,48.857967,-122.31695,43,43-10,0.14,0.829,wa,5,int
2015,48.857967,-122.31695,43,43-11,0.057,0.693,wa,5,int
2015,48.857967,-122.31695,43,43-12,0.068,0.747,wa,5,int
2015,48.857967,-122.31695,43,43-13,0.23,0.893,wa,5,int
2015,48.857967,-122.31695,43,43-14,0.137,0.773,wa,5,int
2015,48.857967,-122.31695,43,43-15,0.275,0.912,wa,5,int
2015,48.857967,-122.31695,43,43-16,0.13,0.812,wa,5,int
2015,48.857967,-122.31695,43,43-17,0.28,0.936,wa,5,int
2015,48.857967,-122.31695,43,43-18,0.202,0.879,wa,5,int
2015,48.857967,-122.31695,43,43-19,0.196,0.855,wa,5,int
2015,48.857967,-122.31695,43,43-20,0.209,0.855,wa,5,int
2015,48.857967,-122.31695,43,43-21,0.153,0.78,wa,5,int
2015,48.857967,-122.31695,43,43-22,0.077,0.743,wa,5,int
2015,48.857967,-122.31695,43,43-23,0.188,0.819,wa,5,int
2015,48.857967,-122.31695,43,43-24,0.22,0.869,wa,5,int
2015,48.857967,-122.31695,43,43-25,0.192,0.832,wa,5,int
2015,48.857967,-122.31695,43,43-26,0.261,0.898,wa,5,int
2015,48.857967,-122.31695,43,43-27,0.064,0.783,wa,5,int
2015,48.857967,-122.31695,43,43-28,0.03,0.68,wa,5,int
2015,48.857967,-122.31695,43,43-29,0.036,0.733,wa,5,int
2015,48.857967,-122.31695,43,43-30,0.15,0.813,wa,5,int
2015,48.857967,-122.31695,43,43-31,0.047,0.713,wa,5,int
2015,48.857967,-122.31695,43,43-32,0.23,0.935,wa,5,int
2015,48.857967,-122.31695,43,43-33,0.216,0.866,wa,5,int
2015,48.857967,-122.31695,43,43-34,0.254,0.918,wa,5,int
2015,48.857967,-122.31695,43,43-35,0.219,0.849,wa,5,int
2015,48.857967,-122.31695,43,43-36,0.192,0.825,wa,5,int
2015,48.857967,-122.31695,43,43-37,0.158,0.789,wa,5,int
2015,48.857967,-122.31695,43,43-38,0.082,0.739,wa,5,int
2015,48.857967,-122.31695,43,43-39,0.03,0.7,wa,5,int
2015,48.857967,-122.31695,43,43-40,0.191,0.805,wa,5,int
2015,48.857967,-122.31695,43,43-41,0.149,0.827,wa,5,int
2015,48.857967,-122.31695,43,43-42,0.057,0.732,wa,5,int
2015,48.857967,-122.31695,43,43-43,0.141,0.798,wa,5,int
2015,48.857967,-122.31695,43,43-44,0.251,0.902,wa,5,int
2015,48.857967,-122.31695,43,43-45,0.039,0.723,wa,5,int
2015,48.857967,-122.31695,43,43-46,0.054,0.727,wa,5,int
2015,48.857967,-122.31695,43,43-47,0.052,0.712,wa,5,int
2015,48.857967,-122.31695,43,43-48,0.041,0.712,wa,5,int
2015,48.857967,-122.31695,43,43-49,0.169,0.824,wa,5,int
2015,48.857967,-122.31695,43,43-50,0.022,0.683,wa,5,int
2015,46.803617,-123.134083,44,44-01,0.185,0.864,wa,3,int
2015,46.803617,-123.134083,44,44-02,0.228,0.873,wa,3,int
2015,46.803617,-123.134083,44,44-03,0.273,0.94,wa,3,int
2015,46.803617,-123.134083,44,44-04,0.221,0.859,wa,3,int
2015,46.803617,-123.134083,44,44-05,0.273,0.932,wa,3,int
2015,46.803617,-123.134083,44,44-06,0.092,0.756,wa,3,int
2015,46.803617,-123.134083,44,44-07,0.104,0.754,wa,3,int
2015,46.803617,-123.134083,44,44-08,0.188,0.796,wa,3,int
2015,46.803617,-123.134083,44,44-09,0.039,0.685,wa,3,int
2015,46.803617,-123.134083,44,44-10,0.257,0.926,wa,3,int
2015,46.803617,-123.134083,44,44-11,0.133,0.798,wa,3,int
2015,46.803617,-123.134083,44,44-12,0.052,0.712,wa,3,int
2015,46.803617,-123.134083,44,44-13,0.075,0.72,wa,3,int
2015,46.803617,-123.134083,44,44-14,0.263,0.891,wa,3,int
2015,46.803617,-123.134083,44,44-15,0.065,0.719,wa,3,int
2015,46.803617,-123.134083,44,44-16,0.247,0.873,wa,3,int
2015,46.803617,-123.134083,44,44-17,0.214,0.851,wa,3,int
2015,46.803617,-123.134083,44,44-18,0.053,0.729,wa,3,int
2015,46.803617,-123.134083,44,44-19,0.133,0.815,wa,3,int
2015,46.803617,-123.134083,44,44-20,0.192,0.853,wa,3,int
2015,46.803617,-123.134083,44,44-21,0.083,0.774,wa,3,int
2015,46.803617,-123.134083,44,44-22,0.068,0.758,wa,3,int
2015,46.803617,-123.134083,44,44-23,0.234,0.847,wa,3,int
2015,46.803617,-123.134083,44,44-24,0.162,0.803,wa,3,int
2015,46.803617,-123.134083,44,44-25,0.181,0.871,wa,3,int
2015,46.803617,-123.134083,44,44-26,0.073,0.747,wa,3,int
2015,46.803617,-123.134083,44,44-27,0.151,0.81,wa,3,int
2015,46.803617,-123.134083,44,44-28,0.217,0.846,wa,3,int
2015,46.803617,-123.134083,44,44-29,0.111,0.771,wa,3,int
2015,46.803617,-123.134083,44,44-30,0.195,0.889,wa,3,int
2015,46.803617,-123.134083,44,44-31,0.225,0.884,wa,3,int
2015,46.803617,-123.134083,44,44-32,0.201,0.853,wa,3,int
2015,46.803617,-123.134083,44,44-33,0.228,0.852,wa,3,int
2015,46.803617,-123.134083,44,44-34,0.21,0.856,wa,3,int
2015,46.803617,-123.134083,44,44-35,0.041,0.71,wa,3,int
2015,46.803617,-123.134083,44,44-36,0.142,0.776,wa,3,int
2015,46.803617,-123.134083,44,44-37,0.241,0.913,wa,3,int
2015,46.803617,-123.134083,44,44-38,0.228,0.876,wa,3,int
2015,46.803617,-123.134083,44,44-39,0.228,0.862,wa,3,int
2015,46.803617,-123.134083,44,44-40,0.125,0.791,wa,3,int
2015,46.803617,-123.134083,44,44-41,0.263,0.902,wa,3,int
2015,46.803617,-123.134083,44,44-42,0.051,0.72,wa,3,int
2015,46.803617,-123.134083,44,44-43,0.135,0.859,wa,3,int
2015,46.803617,-123.134083,44,44-44,0.064,0.749,wa,3,int
2015,46.803617,-123.134083,44,44-45,0.215,0.869,wa,3,int
2015,46.803617,-123.134083,44,44-46,0.113,0.867,wa,3,int
2015,46.803617,-123.134083,44,44-47,0.046,0.699,wa,3,int
2015,46.803617,-123.134083,44,44-48,0.178,0.806,wa,3,int
2015,46.803617,-123.134083,44,44-49,0.232,0.869,wa,3,int
2015,46.803617,-123.134083,44,44-50,0.079,0.765,wa,3,int
2015,45.11025,-122.865217,45,45-01,0.23,0.886,or,5,conv
2015,45.11025,-122.865217,45,45-02,0.066,0.747,or,5,conv
2015,45.11025,-122.865217,45,45-03,0.207,0.875,or,5,conv
2015,45.11025,-122.865217,45,45-04,0.217,0.857,or,5,conv
2015,45.11025,-122.865217,45,45-05,0.195,0.851,or,5,conv
2015,45.11025,-122.865217,45,45-06,0.264,0.926,or,5,conv
2015,45.11025,-122.865217,45,45-07,0.199,0.853,or,5,conv
2015,45.11025,-122.865217,45,45-08,0.133,0.829,or,5,conv
2015,45.11025,-122.865217,45,45-09,0.195,0.869,or,5,conv
2015,45.11025,-122.865217,45,45-10,0.23,0.915,or,5,conv
2015,45.11025,-122.865217,45,45-11,0.189,0.831,or,5,conv
2015,45.11025,-122.865217,45,45-12,0.147,0.78,or,5,conv
2015,45.11025,-122.865217,45,45-13,0.259,0.968,or,5,conv
2015,45.11025,-122.865217,45,45-14,0.189,0.842,or,5,conv
2015,45.11025,-122.865217,45,45-15,0.21,0.864,or,5,conv
2015,44.606267,-123.2236,46,46-01,0.238,0.878,or,4,conv
2015,44.606267,-123.2236,46,46-02,0.23,0.904,or,4,conv
2015,44.606267,-123.2236,46,46-03,0.206,0.88,or,4,conv
2015,44.606267,-123.2236,46,46-04,0.186,0.835,or,4,conv
2015,44.606267,-123.2236,46,46-05,0.219,0.844,or,4,conv
2015,44.606267,-123.2236,46,46-06,0.243,0.893,or,4,conv
2015,44.606267,-123.2236,46,46-07,0.166,0.827,or,4,conv
2015,44.606267,-123.2236,46,46-08,0.242,0.919,or,4,conv
2015,44.606267,-123.2236,46,46-09,0.21,0.853,or,4,conv
2015,44.606267,-123.2236,46,46-10,0.225,0.867,or,4,conv
2015,44.606267,-123.2236,46,46-11,0.206,0.875,or,4,conv
2015,44.606267,-123.2236,46,46-12,0.133,0.8,or,4,conv
2015,44.606267,-123.2236,46,46-13,0.252,0.902,or,4,conv
2015,44.606267,-123.2236,46,46-14,0.261,0.92,or,4,conv
2015,44.606267,-123.2236,46,46-15,0.243,0.889,or,4,conv
2015,44.606267,-123.2236,46,46-16,0.235,0.89,or,4,conv
2015,44.606267,-123.2236,46,46-17,0.205,0.836,or,4,conv
2015,44.606267,-123.2236,46,46-18,0.249,0.958,or,4,conv
2015,44.606267,-123.2236,46,46-19,0.049,0.716,or,4,conv
2015,44.606267,-123.2236,46,46-20,0.228,0.904,or,4,conv
2015,44.606267,-123.2236,46,46-21,0.207,0.845,or,4,conv
2015,44.606267,-123.2236,46,46-22,0.218,0.88,or,4,conv
2015,44.606267,-123.2236,46,46-23,0.154,0.796,or,4,conv
2015,44.606267,-123.2236,46,46-24,0.253,0.945,or,4,conv
2015,44.606267,-123.2236,46,46-25,0.265,0.975,or,4,conv
2015,44.606267,-123.2236,46,46-26,0.05,0.743,or,4,conv
2015,44.606267,-123.2236,46,46-27,0.259,0.926,or,4,conv
2015,44.606267,-123.2236,46,46-28,0.091,0.78,or,4,conv
2015,44.606267,-123.2236,46,46-29,0.24,0.874,or,4,conv
2015,44.072417,-122.7833,47,47-01,0.186,0.895,or,3,conv
2015,44.072417,-122.7833,47,47-02,0.208,0.862,or,3,conv
2015,44.072417,-122.7833,47,47-03,0.223,0.878,or,3,conv
2015,44.072417,-122.7833,47,47-04,0.062,0.752,or,3,conv
2015,44.072417,-122.7833,47,47-05,0.044,0.717,or,3,conv
2015,44.072417,-122.7833,47,47-06,0.056,0.73,or,3,conv
2015,44.072417,-122.7833,47,47-07,0.052,0.711,or,3,conv
2015,44.072417,-122.7833,47,47-08,0.266,0.939,or,3,conv
2015,44.072417,-122.7833,47,47-09,0.201,0.811,or,3,conv
2015,44.072417,-122.7833,47,47-10,0.178,0.842,or,3,conv
2015,44.072417,-122.7833,47,47-11,0.195,0.833,or,3,conv
2015,44.072417,-122.7833,47,47-12,0.219,0.847,or,3,conv
2015,43.254017,-123.440683,48,48-01,0.242,0.871,or,2,conv
2015,43.254017,-123.440683,48,48-02,0.216,0.882,or,2,conv
2015,43.254017,-123.440683,48,48-03,0.178,0.845,or,2,conv
2015,43.254017,-123.440683,48,48-04,0.238,0.898,or,2,conv
2015,43.254017,-123.440683,48,48-05,0.215,0.88,or,2,conv
2015,43.254017,-123.440683,48,48-06,0.074,0.747,or,2,conv
2015,43.254017,-123.440683,48,48-07,0.164,0.811,or,2,conv
2015,43.254017,-123.440683,48,48-08,0.18,0.891,or,2,conv
2015,43.254017,-123.440683,48,48-09,0.252,0.92,or,2,conv
2015,43.254017,-123.440683,48,48-10,0.18,0.796,or,2,conv
2015,43.254017,-123.440683,48,48-11,0.165,0.829,or,2,conv
2015,43.254017,-123.440683,48,48-12,0.233,0.902,or,2,conv
2015,43.254017,-123.440683,48,48-13,0.042,0.729,or,2,conv
2015,43.254017,-123.440683,48,48-14,0.172,0.84,or,2,conv
2015,43.254017,-123.440683,48,48-15,0.227,0.893,or,2,conv
2015,43.254017,-123.440683,48,48-16,0.036,0.731,or,2,conv
2015,43.254017,-123.440683,48,48-17,0.1,0.78,or,2,conv
2015,43.254017,-123.440683,48,48-18,0.196,0.835,or,2,conv
2015,43.254017,-123.440683,48,48-19,0.218,0.864,or,2,conv
2015,43.254017,-123.440683,48,48-20,0.234,0.886,or,2,conv
2015,43.254017,-123.440683,48,48-21,0.246,0.928,or,2,conv
2015,43.254017,-123.440683,48,48-22,0.221,0.922,or,2,conv
2015,43.254017,-123.440683,48,48-23,0.222,0.951,or,2,conv
2015,43.254017,-123.440683,48,48-24,0.248,0.877,or,2,conv
2015,43.254017,-123.440683,48,48-25,0.192,0.832,or,2,conv
2015,43.254017,-123.440683,48,48-26,0.219,0.86,or,2,conv
2015,43.254017,-123.440683,48,48-27,0.18,0.813,or,2,conv
2015,43.254017,-123.440683,48,48-28,0.22,0.838,or,2,conv
2015,43.254017,-123.440683,48,48-29,0.279,0.959,or,2,conv
2015,43.254017,-123.440683,48,48-30,0.229,0.884,or,2,conv
2015,43.254017,-123.440683,48,48-31,0.264,0.99,or,2,conv
2015,44.530233,-123.3689,49,49-01,0.177,0.815,or,4,org
2015,44.530233,-123.3689,49,49-02,0.039,0.692,or,4,org
2015,44.530233,-123.3689,49,49-03,0.18,0.904,or,4,org
2015,44.530233,-123.3689,49,49-04,0.209,0.911,or,4,org
2015,44.530233,-123.3689,49,49-05,0.186,0.855,or,4,org
2015,44.530233,-123.3689,49,49-06,0.213,0.851,or,4,org
2015,44.530233,-123.3689,49,49-07,0.064,0.767,or,4,org
2015,44.530233,-123.3689,49,49-08,0.022,0.636,or,4,org
2015,45.233683,-122.91515,51,51-01,0.066,0.763,or,5,org
2015,45.233683,-122.91515,51,51-02,0.212,0.893,or,5,org
2015,45.233683,-122.91515,51,51-03,0.254,0.919,or,5,org
2015,45.233683,-122.91515,51,51-04,0.169,0.835,or,5,org
2015,45.233683,-122.91515,51,51-05,0.069,0.763,or,5,org
2015,45.233683,-122.91515,51,51-06,0.059,0.765,or,5,org
2015,45.233683,-122.91515,51,51-07,0.097,0.725,or,5,org
2015,45.233683,-122.91515,51,51-08,0.098,0.816,or,5,org
2015,43.881817,-122.818683,52,52-01,0.19,0.84,or,3,org
2015,43.881817,-122.818683,52,52-02,0.211,0.944,or,3,org
2015,43.881817,-122.818683,52,52-03,0.18,0.838,or,3,org
2015,43.881817,-122.818683,52,52-04,0.019,0.639,or,3,org
2015,44.565617,-123.240967,53,53-01,0.046,0.714,or,4,int
2015,44.565617,-123.240967,53,53-02,0.163,0.835,or,4,int
2015,44.565617,-123.240967,53,53-03,0.208,0.908,or,4,int
2015,44.565617,-123.240967,53,53-04,0.055,0.754,or,4,int
2015,44.565617,-123.240967,53,53-05,0.271,0.972,or,4,int
2015,44.565617,-123.240967,53,53-06,0.064,0.743,or,4,int
2015,44.565617,-123.240967,53,53-07,0.239,0.944,or,4,int
2015,44.565617,-123.240967,53,53-08,0.099,0.8,or,4,int
2015,44.565617,-123.240967,53,53-09,0.276,1.006,or,4,int
2015,44.565617,-123.240967,53,53-10,0.247,0.911,or,4,int
2015,44.565617,-123.240967,53,53-11,0.165,0.816,or,4,int
2015,44.565617,-123.240967,53,53-12,0.133,0.796,or,4,int
2015,44.565617,-123.240967,53,53-13,0.214,0.882,or,4,int
2015,44.565617,-123.240967,53,53-14,0.04,0.779,or,4,int
2015,44.565617,-123.240967,53,53-15,0.038,0.682,or,4,int
2015,44.565617,-123.240967,53,53-16,0.212,0.882,or,4,int
2015,44.565617,-123.240967,53,53-17,0.162,0.892,or,4,int
2015,44.0958,-123.4646,54,54-01,0.249,0.922,or,3,int
2015,44.0958,-123.4646,54,54-02,0.24,0.905,or,3,int
2015,44.0958,-123.4646,54,54-03,0.15,0.849,or,3,int
2015,44.0958,-123.4646,54,54-04,0.224,0.885,or,3,int
2015,44.0958,-123.4646,54,54-05,0.18,0.835,or,3,int
2015,44.0958,-123.4646,54,54-06,0.243,0.941,or,3,int
2015,44.0958,-123.4646,54,54-07,0.184,0.855,or,3,int
2015,44.0958,-123.4646,54,54-08,0.193,0.819,or,3,int
2015,44.0958,-123.4646,54,54-09,0.051,0.725,or,3,int
2015,44.0958,-123.4646,54,54-10,0.229,0.856,or,3,int
2015,44.0958,-123.4646,54,54-11,0.155,0.832,or,3,int
2015,44.0958,-123.4646,54,54-12,0.246,0.895,or,3,int
2015,44.0958,-123.4646,54,54-13,0.213,0.87,or,3,int
2015,44.0958,-123.4646,54,54-14,0.22,0.888,or,3,int
2015,44.0958,-123.4646,54,54-15,0.117,0.802,or,3,int
2015,44.0958,-123.4646,54,54-16,0.092,0.762,or,3,int
2015,44.0958,-123.4646,54,54-17,0.083,0.797,or,3,int
2015,44.0958,-123.4646,54,54-18,0.203,0.879,or,3,int
2015,44.0958,-123.4646,54,54-19,0.228,0.925,or,3,int
2015,44.0958,-123.4646,54,54-20,0.228,0.865,or,3,int
2015,44.0958,-123.4646,54,54-21,0.227,0.945,or,3,int
2015,44.0958,-123.4646,54,54-22,0.224,0.886,or,3,int
2015,44.0958,-123.4646,54,54-23,0.153,0.806,or,3,int
2015,44.0958,-123.4646,54,54-24,0.227,0.892,or,3,int
2015,44.0958,-123.4646,54,54-25,0.163,0.821,or,3,int
2015,44.0958,-123.4646,54,54-26,0.151,0.779,or,3,int
2015,45.20285,-122.580017,56,56-01,0.109,0.782,or,5,int
2015,45.20285,-122.580017,56,56-02,0.077,0.803,or,5,int
2015,45.20285,-122.580017,56,56-03,0.152,0.826,or,5,int
2015,45.20285,-122.580017,56,56-04,0.233,0.903,or,5,int
2015,45.20285,-122.580017,56,56-05,0.048,0.709,or,5,int
2015,45.20285,-122.580017,56,56-06,0.228,0.905,or,5,int
2015,45.20285,-122.580017,56,56-07,0.171,0.855,or,5,int
2015,45.20285,-122.580017,56,56-08,0.205,0.918,or,5,int
2015,45.20285,-122.580017,56,56-09,0.178,0.871,or,5,int
2015,45.20285,-122.580017,56,56-10,0.14,0.803,or,5,int
2015,43.119633,-123.275417,57,57-01,0.107,0.819,or,2,int
2015,43.119633,-123.275417,57,57-02,0.101,0.754,or,2,int
2015,43.119633,-123.275417,57,57-03,0.196,0.844,or,2,int
2015,43.119633,-123.275417,57,57-04,0.182,0.806,or,2,int
2015,43.119633,-123.275417,57,57-05,0.084,0.769,or,2,int
2015,43.119633,-123.275417,57,57-06,0.073,0.773,or,2,int
2015,43.119633,-123.275417,57,57-07,0.206,0.843,or,2,int
2014,49.038092,-123.073018,71,71-01,0.07,0.736,BC,1,org
2015,49.07872,-123.152186,73,73-01,0.202,0.843,BC,2, int
2015,49.07872,-123.152186,73,73-02,0.166,0.796,BC,2, int
2015,49.07872,-123.152186,73,73-03,0.107,0.809,BC,2, int
